{"cameraMode":{"drawMode":0,"name":"Shaded","section":"Shading Mode"},"sceneLighting":false,"audioPlay":false,"sceneViewState":{"showFog":true,"showMaterialUpdate":false,"showSkybox":true,"showFlares":true,"showImageEffects":true,"showParticleSystems":true},"in2DMode":false,"pivot":{"x":-1.4500000476837159,"y":0.0010000020265579224,"z":3.5799999237060549},"rotation":{"x":-0.3419886529445648,"y":-0.048485733568668368,"z":0.017659541219472886,"w":-0.9383350014686585},"size":3.8224658966064455,"orthographic":true}