{"cameraMode":{"drawMode":0,"name":"Shaded","section":"Shading Mode"},"sceneLighting":true,"audioPlay":false,"sceneViewState":{"showFog":true,"showMaterialUpdate":false,"showSkybox":true,"showFlares":true,"showImageEffects":true,"showParticleSystems":true},"in2DMode":false,"pivot":{"x":1.9299999475479127,"y":0.20000000298023225,"z":3.190000057220459},"rotation":{"x":-0.27925506234169009,"y":-0.35779693722724917,"z":0.11302825808525086,"w":-0.8839195370674133},"size":3.332836627960205,"orthographic":true}