{"cameraMode":{"drawMode":0,"name":"Shaded","section":"Shading Mode"},"sceneLighting":false,"audioPlay":false,"sceneViewState":{"showFog":true,"showMaterialUpdate":false,"showSkybox":true,"showFlares":true,"showImageEffects":true,"showParticleSystems":true},"in2DMode":false,"pivot":{"x":2.0627613067626955,"y":0.32168498635292055,"z":-1.7823070287704468},"rotation":{"x":0.21519021689891816,"y":-0.010253682732582093,"z":0.002259379019960761,"w":0.9765165448188782},"size":0.5694555044174194,"orthographic":false}