{"cameraMode":{"drawMode":0,"name":"Shaded","section":"Shading Mode"},"sceneLighting":false,"audioPlay":false,"sceneViewState":{"showFog":true,"showMaterialUpdate":false,"showSkybox":true,"showFlares":true,"showImageEffects":true,"showParticleSystems":true},"in2DMode":false,"pivot":{"x":2.437744140625,"y":-0.47314453125,"z":2.9261474609375},"rotation":{"x":0.36388489603996279,"y":-0.541722297668457,"z":0.2799668610095978,"w":0.7041096687316895},"size":3.332836627960205,"orthographic":true}