{"cameraMode":{"drawMode":0,"name":"Shaded","section":"Shading Mode"},"sceneLighting":true,"audioPlay":false,"sceneViewState":{"showFog":true,"showMaterialUpdate":false,"showSkybox":true,"showFlares":true,"showImageEffects":true,"showParticleSystems":true},"in2DMode":false,"pivot":{"x":4.939202308654785,"y":1.8022842407226563,"z":-6.307668685913086},"rotation":{"x":0.47468701004981997,"y":0.4422950744628906,"z":-0.30025044083595278,"w":0.6992339491844177},"size":36.73533630371094,"orthographic":false}