{"cameraMode":{"drawMode":0,"name":"Shaded","section":"Shading Mode"},"sceneLighting":true,"audioPlay":false,"sceneViewState":{"showFog":true,"showMaterialUpdate":false,"showSkybox":true,"showFlares":true,"showImageEffects":true,"showParticleSystems":true},"in2DMode":false,"pivot":{"x":-1.6330468654632569,"y":8.987245559692383,"z":-13.491689682006836},"rotation":{"x":0.2975326478481293,"y":0.13832832872867585,"z":-0.04346310347318649,"w":0.9436887502670288},"size":0.9324619174003601,"orthographic":false}