{"cameraMode":{"drawMode":0,"name":"Shaded","section":"Shading Mode"},"sceneLighting":true,"audioPlay":false,"sceneViewState":{"showFog":true,"showMaterialUpdate":false,"showSkybox":true,"showFlares":true,"showImageEffects":true,"showParticleSystems":true},"in2DMode":false,"pivot":{"x":0.18336310982704163,"y":-6.978843688964844,"z":-6.107776165008545},"rotation":{"x":0.6822627186775208,"y":0.04277936369180679,"z":-0.039859309792518619,"w":0.7288316488265991},"size":16.463592529296876,"orthographic":false}