{"cameraMode":{"drawMode":0,"name":"Shaded","section":"Shading Mode"},"sceneLighting":true,"audioPlay":false,"sceneViewState":{"showFog":true,"showMaterialUpdate":false,"showSkybox":true,"showFlares":true,"showImageEffects":true,"showParticleSystems":true},"in2DMode":false,"pivot":{"x":1.9299999475479127,"y":0.20000000298023225,"z":3.190000057220459},"rotation":{"x":0.5225566625595093,"y":-0.1318507343530655,"z":0.08218663185834885,"w":0.8383291959762573},"size":1.8757319450378419,"orthographic":true}