{"cameraMode":{"drawMode":0,"name":"Shaded","section":"Shading Mode"},"sceneLighting":true,"audioPlay":false,"sceneViewState":{"showFog":true,"showMaterialUpdate":false,"showSkybox":true,"showFlares":true,"showImageEffects":true,"showParticleSystems":true},"in2DMode":false,"pivot":{"x":0.0,"y":0.20000000298023225,"z":-3.740000009536743},"rotation":{"x":-0.3794291317462921,"y":0.2704354524612427,"z":-0.11699636280536652,"w":-0.8770442008972168},"size":3.9328365325927736,"orthographic":false}