{"cameraMode":{"drawMode":0,"name":"Shaded","section":"Shading Mode"},"sceneLighting":false,"audioPlay":false,"sceneViewState":{"showFog":true,"showMaterialUpdate":false,"showSkybox":true,"showFlares":true,"showImageEffects":true,"showParticleSystems":true},"in2DMode":false,"pivot":{"x":2.2300000190734865,"y":0.3885224461555481,"z":-0.8899999856948853},"rotation":{"x":0.6543024778366089,"y":0.20373213291168214,"z":-0.1895628273487091,"w":0.703193187713623},"size":4.134085178375244,"orthographic":false}