{"cameraMode":{"drawMode":0,"name":"Shaded","section":"Shading Mode"},"sceneLighting":false,"audioPlay":false,"sceneViewState":{"showFog":true,"showMaterialUpdate":false,"showSkybox":true,"showFlares":true,"showImageEffects":true,"showParticleSystems":true},"in2DMode":false,"pivot":{"x":-1.4500000476837159,"y":0.7077871561050415,"z":3.5799999237060549},"rotation":{"x":0.34565696120262148,"y":0.25457966327667239,"z":-0.0980113074183464,"w":0.897835373878479},"size":4.646580696105957,"orthographic":true}