{"cameraMode":{"drawMode":0,"name":"Shaded","section":"Shading Mode"},"sceneLighting":false,"audioPlay":false,"sceneViewState":{"showFog":true,"showMaterialUpdate":false,"showSkybox":true,"showFlares":true,"showImageEffects":true,"showParticleSystems":true},"in2DMode":false,"pivot":{"x":1.3074405193328858,"y":0.2802565097808838,"z":-5.313345909118652},"rotation":{"x":0.3257048428058624,"y":-0.05805186927318573,"z":0.020192164927721025,"w":0.9435245394706726},"size":2.4328365325927736,"orthographic":false}